date,list,name,ticker,close,rs63,r21,rsi,pctB,atrPct,vol,dHigh20,taken,result_R,note
2026-06-15,momentum,SSAB,SSAB-A.ST,102.80,37.21,21.60,76.31,0.98,2.52,0.48,-0.48
2026-06-15,momentum,Autoliv,ALIV-SDB.ST,1226.00,21.92,13.00,62.44,0.79,2.18,0.32,-0.41
2026-06-15,momentum,Evolution,EVO.ST,725.80,19.07,11.63,63.24,0.95,2.26,0.50,-2.79
2026-06-15,momentum,ABB,ABB.ST,984.20,18.99,0.04,43.79,0.50,2.57,0.49,-3.75
2026-06-15,momentum,SKF,SKF-B.ST,249.70,5.62,10.05,54.50,0.83,2.83,0.50,-1.38
2026-06-15,squeeze,Investor,INVE-B.ST,382.75,4.90,5.01,49.82,0.72,1.63,0.50,-1.57
2026-06-15,squeeze,H&M,HM-B.ST,169.50,-8.88,5.57,64.60,0.98,2.27,0.64,-2.31
2026-06-15,squeeze,Swedbank,SWED-A.ST,345.80,1.13,7.03,53.26,0.84,1.66,0.82,-2.15
2026-06-15,squeeze,Sandvik,SAND.ST,392.90,0.34,11.08,53.19,0.96,2.76,0.42,-0.38
2026-06-15,weakest,Electrolux,ELUX-B.ST,30.13,-54.86,-39.88,52.46,0.59,6.59,0.17,-9.76
2026-06-15,weakest,Saab,SAAB-B.ST,512.10,-28.32,6.08,41.36,0.18,4.12,0.43,-12.46
2026-06-15,weakest,Hexagon,HEXA-B.ST,80.30,-23.45,9.99,35.86,0.15,3.07,0.20,-13.21
2026-06-16,momentum,SSAB,SSAB-A.ST,100.00,33.69,18.29,69.61,0.84,2.64,0.37,-2.39
2026-06-16,momentum,Evolution,EVO.ST,718.40,17.72,8.26,65.32,0.80,2.27,0.24,-2.58
2026-06-16,momentum,Autoliv,ALIV-SDB.ST,1175.00,17.02,8.29,50.42,0.50,2.40,0.20,-4.55
2026-06-16,momentum,ABB,ABB.ST,999.20,21.15,1.57,47.95,0.67,2.60,0.47,-2.28
2026-06-16,momentum,Atlas Copco,ATCO-A.ST,192.40,7.09,11.31,67.12,1.22,2.72,0.29,-0.72
2026-06-16,squeeze,Investor,INVE-B.ST,383.85,5.51,5.31,51.72,0.78,1.59,0.31,-1.03
2026-06-16,squeeze,Sandvik,SAND.ST,391.70,0.33,10.74,52.49,0.93,2.82,0.23,-1.38
2026-06-16,squeeze,Swedbank,SWED-A.ST,346.70,1.70,7.30,54.55,0.88,1.50,0.26,-0.89
2026-06-16,squeeze,Nordea,NDA-SE.ST,179.70,3.41,6.27,52.21,0.89,1.40,0.23,-1.16
2026-06-16,bounce,Ericsson,ERIC-B.ST,112.80,1.84,-4.45,32.93,0.12,3.60,0.36,-12.18
2026-06-16,weakest,Electrolux,ELUX-B.ST,28.09,-57.82,-43.95,44.48,0.32,7.13,0.66,-15.87
2026-06-16,weakest,Saab,SAAB-B.ST,511.70,-28.08,6.00,41.26,0.17,4.06,0.37,-12.53
2026-06-16,weakest,NIBE,NIBE-B.ST,35.46,-0.18,-15.33,30.13,0.22,2.68,0.61,-19.74
2026-06-17,momentum,SSAB,SSAB-A.ST,98.36,35.24,15.94,60.74,0.69,2.75,0.18,-4.78
2026-06-17,momentum,ABB,ABB.ST,1011.00,23.50,6.35,56.24,0.79,2.50,0.45,-1.12
2026-06-17,momentum,Atlas Copco,ATCO-A.ST,194.50,10.14,13.41,73.97,1.13,2.63,0.22,-0.10
2026-06-17,momentum,Sandvik,SAND.ST,396.50,6.84,9.96,63.81,1.00,2.69,0.22,-0.20
2026-06-17,momentum,Autoliv,ALIV-SDB.ST,1145.00,12.66,6.22,40.26,0.16,2.60,0.20,-7.29
2026-06-17,squeeze,Investor,INVE-B.ST,386.50,4.90,4.98,66.48,0.99,1.55,0.29,-0.60
2026-06-17,squeeze,Sandvik,SAND.ST,396.50,6.84,9.96,63.81,1.00,2.69,0.22,-0.20
2026-06-17,squeeze,Swedbank,SWED-A.ST,346.80,-0.74,4.81,62.02,0.81,1.63,0.38,-1.87
2026-06-17,squeeze,Nordea,NDA-SE.ST,179.30,0.90,3.58,57.81,0.78,1.37,0.22,-1.38
2026-06-17,weakest,Electrolux,ELUX-B.ST,27.64,-60.10,1.41,47.07,0.22,6.81,0.16,-17.22
2026-06-17,weakest,Tele2,TEL2-B.ST,175.05,-13.59,-5.94,51.22,0.30,1.91,0.09,-6.42
2026-06-17,weakest,Hexagon,HEXA-B.ST,83.52,-21.78,-0.99,47.01,0.47,3.07,0.35,-9.73
2026-06-19,momentum,SSAB,SSAB-A.ST,94.48,34.86,6.97,48.05,0.33,3.13,1.49,-8.54
2026-06-19,momentum,ABB,ABB.ST,1037.50,27.32,7.67,61.23,1.02,2.58,1.09,-0.48
2026-06-19,momentum,Atlas Copco,ATCO-A.ST,195.85,12.03,11.91,74.66,1.08,2.63,1.68,-0.28
2026-06-19,momentum,Sandvik,SAND.ST,406.70,10.96,9.80,68.11,1.13,2.67,2.16,0.00
2026-06-19,momentum,Epiroc,EPI-A.ST,277.20,12.70,5.80,52.19,0.81,2.62,1.08,-2.50
2026-06-19,squeeze,Investor,INVE-B.ST,391.15,6.70,5.09,68.64,1.19,1.58,1.41,0.00
2026-06-19,squeeze,H&M,HM-B.ST,170.15,-9.43,4.39,60.42,0.98,2.33,1.79,-1.93
2026-06-19,squeeze,Epiroc,EPI-A.ST,277.20,12.70,5.80,52.19,0.81,2.62,1.08,-2.50
2026-06-19,squeeze,Sandvik,SAND.ST,406.70,10.96,9.80,68.11,1.13,2.67,2.16,0.00
2026-06-19,bounce,Autoliv,ALIV-SDB.ST,1126.00,11.49,3.40,37.96,-0.02,2.68,0.77,-8.83
2026-06-19,weakest,Electrolux,ELUX-B.ST,29.00,-58.09,7.07,49.60,0.39,6.60,1.30,-13.15
2026-06-19,weakest,Hexagon,HEXA-B.ST,81.56,-23.22,-5.40,40.71,0.31,3.37,1.87,-8.95
2026-06-19,weakest,Tele2,TEL2-B.ST,173.95,-14.40,-6.63,50.99,0.25,2.04,1.17,-7.00
2026-06-22,momentum,SSAB,SSAB-A.ST,94.50,29.13,6.80,50.25,0.30,3.07,0.25,-8.52
2026-06-22,momentum,ABB,ABB.ST,1043.50,25.38,6.76,63.16,1.00,2.50,0.29,0.00
2026-06-22,momentum,Epiroc,EPI-A.ST,274.00,10.63,5.26,57.20,0.65,2.57,0.25,-3.62
2026-06-22,momentum,Sandvik,SAND.ST,399.70,6.47,6.19,68.27,0.90,2.69,0.22,-1.72
2026-06-22,momentum,Autoliv,ALIV-SDB.ST,1131.00,12.42,1.71,41.18,0.05,2.58,0.17,-8.42
2026-06-22,squeeze,Investor,INVE-B.ST,390.80,6.50,3.80,70.28,1.04,1.54,0.33,-0.09
2026-06-22,bounce,Ericsson,ERIC-B.ST,110.45,-4.11,-10.42,31.74,0.20,3.51,0.29,-14.01
2026-06-22,weakest,Electrolux,ELUX-B.ST,28.67,-59.52,6.79,48.71,0.33,6.61,0.24,-14.14
2026-06-22,weakest,Saab,SAAB-B.ST,504.90,-32.68,-4.23,34.97,0.20,3.78,0.46,-13.69
2026-06-22,weakest,Hexagon,HEXA-B.ST,81.24,-22.35,-1.86,36.10,0.30,3.19,0.18,-9.31
2026-06-23,momentum,SSAB,SSAB-A.ST,94.28,25.67,6.56,49.70,0.28,3.08,0.15,-8.73
2026-06-23,momentum,ABB,ABB.ST,1026.50,20.10,5.02,59.12,0.86,2.57,0.36,-1.53
2026-06-23,momentum,Atlas Copco,ATCO-A.ST,190.35,3.92,7.72,73.00,0.81,2.76,0.24,-3.08
2026-06-23,momentum,Autoliv,ALIV-SDB.ST,1133.00,9.48,1.89,41.67,0.07,2.60,0.07,-8.26
2026-06-23,momentum,SKF,SKF-B.ST,246.00,6.24,2.67,46.70,0.61,2.43,0.31,-2.84
2026-06-23,squeeze,Investor,INVE-B.ST,387.90,5.18,1.93,58.15,0.82,1.62,0.32,-1.49
2026-06-23,bounce,Ericsson,ERIC-B.ST,111.25,-6.53,-9.77,33.33,0.22,3.55,0.18,-13.39
2026-06-23,weakest,Electrolux,ELUX-B.ST,27.13,-63.33,-2.04,46.40,0.12,6.90,0.21,-18.75
2026-06-23,weakest,Saab,SAAB-B.ST,505.40,-33.05,-4.62,39.66,0.24,3.63,0.18,-13.61
2026-06-23,weakest,NIBE,NIBE-B.ST,35.04,-1.54,-13.16,36.17,0.07,2.53,0.14,-11.92
2026-06-24,momentum,SSAB,SSAB-A.ST,93.56,28.87,2.54,44.96,0.18,3.11,0.08,-9.43
2026-06-24,momentum,ABB,ABB.ST,1039.50,24.14,4.18,55.16,0.94,2.37,0.17,-0.34
2026-06-24,momentum,Atlas Copco,ATCO-A.ST,190.30,9.31,7.39,64.31,0.78,2.45,0.09,-3.11
2026-06-24,momentum,Sandvik,SAND.ST,396.00,7.45,3.56,58.42,0.82,2.67,0.10,-2.63
2026-06-24,momentum,SKF,SKF-B.ST,248.00,5.53,3.51,49.37,0.73,2.24,0.08,-2.05
2026-06-24,squeeze,Investor,INVE-B.ST,390.40,4.27,2.59,63.78,1.01,1.52,0.17,-0.34
2026-06-24,bounce,Autoliv,ALIV-SDB.ST,1142.00,12.06,-0.44,28.21,0.16,2.33,0.03,-7.53
2026-06-24,bounce,Epiroc,EPI-A.ST,262.30,10.45,-2.64,34.99,0.18,2.81,0.09,-7.74
2026-06-24,bounce,Ericsson,ERIC-B.ST,111.15,-6.13,-11.68,24.12,0.24,3.43,0.15,-13.47
2026-06-24,weakest,Electrolux,ELUX-B.ST,27.14,-64.96,-2.00,46.43,0.14,6.98,0.04,-18.72
2026-06-24,weakest,Saab,SAAB-B.ST,492.30,-36.63,-7.10,34.62,0.09,3.64,0.31,-15.85
2026-06-24,weakest,Hexagon,HEXA-B.ST,79.24,-27.26,-8.96,32.84,0.16,3.20,0.10,-10.83
2026-06-25,momentum,ABB,ABB.ST,1039.50,26.73,2.97,55.60,0.89,2.45,0.20,-1.24
2026-06-25,momentum,Atlas Copco,ATCO-A.ST,194.30,13.50,6.47,68.09,0.89,2.60,0.19,-1.07
2026-06-25,momentum,SSAB,SSAB-A.ST,92.82,27.99,0.11,38.63,0.13,3.11,0.09,-10.15
2026-06-25,momentum,SKF,SKF-B.ST,250.90,9.58,2.07,51.95,0.85,2.16,0.09,-0.91
2026-06-25,momentum,Autoliv,ALIV-SDB.ST,1158.00,14.88,-0.60,34.47,0.30,2.35,0.22,-6.23
2026-06-25,squeeze,Investor,INVE-B.ST,395.75,7.67,2.25,77.10,1.12,1.50,0.23,-0.09
2026-06-25,squeeze,Getinge,GETI-B.ST,196.80,-0.47,-0.58,62.82,0.84,2.06,0.07,-1.11
2026-06-25,bounce,Evolution,EVO.ST,675.40,5.74,-3.38,35.94,0.03,2.57,0.16,-8.41
2026-06-25,bounce,Epiroc,EPI-A.ST,259.60,6.71,-3.35,33.80,0.14,2.94,0.12,-8.69
2026-06-25,bounce,Ericsson,ERIC-B.ST,109.95,-4.87,-13.32,27.05,0.25,3.23,0.12,-14.40
2026-06-25,bounce,Autoliv,ALIV-SDB.ST,1158.00,14.88,-0.60,34.47,0.30,2.35,0.22,-6.23
2026-06-25,weakest,Electrolux,ELUX-B.ST,28.36,-62.20,-2.26,40.56,0.32,6.25,0.16,-15.06
2026-06-25,weakest,Saab,SAAB-B.ST,489.30,-33.26,-9.29,36.12,0.11,3.73,0.30,-16.36
2026-06-25,weakest,Hexagon,HEXA-B.ST,81.36,-23.16,-8.81,40.89,0.36,3.10,0.11,-8.44
2026-06-26,momentum,ABB,ABB.ST,1014.50,22.41,2.81,55.71,0.61,2.75,0.34,-4.16
2026-06-26,momentum,Atlas Copco,ATCO-A.ST,192.05,10.62,6.78,69.51,0.73,2.69,0.08,-2.31
2026-06-26,momentum,SSAB,SSAB-A.ST,92.12,22.15,-1.81,37.59,0.06,3.21,0.06,-10.82
2026-06-26,momentum,Investor,INVE-B.ST,393.80,6.54,2.77,67.82,0.89,1.60,0.19,-1.44
2026-06-26,momentum,Swedbank,SWED-A.ST,358.90,0.90,4.94,74.78,0.87,1.66,0.12,-0.66
2026-06-26,weakest,Electrolux,ELUX-B.ST,30.20,-59.37,6.59,37.83,0.58,5.50,0.13,-9.55
2026-06-26,weakest,Hexagon,HEXA-B.ST,80.22,-23.78,-4.95,34.08,0.29,3.10,0.14,-9.72
2026-06-26,weakest,Boliden,BOL.ST,532.60,-15.42,-4.79,46.79,0.30,3.88,0.11,-11.26
2026-06-29,momentum,ABB,ABB.ST,1018.50,21.56,3.21,58.67,0.63,2.65,0.15,-3.78
2026-06-29,momentum,Atlas Copco,ATCO-A.ST,191.25,9.44,7.99,64.56,0.69,2.68,0.07,-2.72
2026-06-29,momentum,Alfa Laval,ALFA.ST,565.60,1.22,9.02,64.23,0.91,2.17,0.12,-0.04
2026-06-29,momentum,Investor,INVE-B.ST,395.50,5.54,4.66,69.20,0.90,1.54,0.22,-1.01
2026-06-29,momentum,Nordea,NDA-SE.ST,180.95,8.53,2.06,64.69,0.74,1.51,0.14,-2.16
2026-06-29,weakest,Saab,SAAB-B.ST,494.30,-29.56,-14.21,30.69,0.20,3.83,0.33,-12.82
2026-06-29,weakest,Electrolux,ELUX-B.ST,29.84,-60.02,5.22,36.26,0.52,5.41,0.10,-10.63
2026-06-29,weakest,Hexagon,HEXA-B.ST,80.42,-23.83,-5.08,36.95,0.33,3.00,0.09,-9.50
2026-06-30,momentum,ABB,ABB.ST,1049.50,25.52,6.18,68.84,0.84,2.52,0.19,-0.85
2026-06-30,momentum,Atlas Copco,ATCO-A.ST,195.05,9.69,9.92,70.95,0.81,2.62,0.09,-0.79
2026-06-30,momentum,Alfa Laval,ALFA.ST,570.40,-0.09,9.82,71.80,0.95,2.11,0.11,-0.21
2026-06-30,momentum,Sandvik,SAND.ST,396.90,3.61,5.42,63.78,0.74,2.86,0.12,-2.41
2026-06-30,momentum,AstraZeneca,AZN.ST,1859.00,-3.80,8.55,71.14,1.02,2.15,0.18,-0.16
2026-06-30,squeeze,SKF,SKF-B.ST,248.10,1.27,2.14,58.85,0.67,2.34,0.09,-2.25
2026-06-30,squeeze,Getinge,GETI-B.ST,197.95,-4.78,4.27,59.65,0.79,1.94,0.11,-1.37
2026-06-30,bounce,SSAB,SSAB-A.ST,89.20,10.63,-6.38,35.81,-0.00,3.37,0.28,-13.65
2026-06-30,weakest,Electrolux,ELUX-B.ST,30.31,-62.39,4.16,45.86,0.58,5.02,0.05,-9.22
2026-06-30,weakest,Saab,SAAB-B.ST,499.30,-29.29,-12.30,36.86,0.29,3.82,0.30,-8.57
2026-06-30,weakest,Hexagon,HEXA-B.ST,80.68,-23.20,-5.55,45.22,0.37,2.82,0.12,-9.21
2026-07-01,momentum,ABB,ABB.ST,1055.50,29.27,7.14,73.59,0.85,2.49,0.17,-0.28
2026-07-01,momentum,Atlas Copco,ATCO-A.ST,195.85,10.67,13.34,71.23,0.81,2.52,0.10,-0.61
2026-07-01,momentum,Alfa Laval,ALFA.ST,574.80,2.83,12.44,73.39,0.94,2.10,0.13,-0.66
2026-07-01,momentum,Sandvik,SAND.ST,399.00,4.17,8.04,67.53,0.76,2.89,0.10,-1.89
2026-07-01,momentum,Essity,ESSITY-B.ST,273.10,1.60,7.35,68.80,0.72,1.55,0.11,-2.36
2026-07-01,squeeze,Getinge,GETI-B.ST,199.40,-3.50,7.44,64.66,0.88,1.97,0.13,-0.65
2026-07-01,squeeze,SKF,SKF-B.ST,249.20,2.79,5.64,67.28,0.73,2.34,0.09,-1.81
2026-07-01,bounce,Evolution,EVO.ST,653.40,6.92,-6.66,24.14,0.03,2.89,0.26,-11.39
2026-07-01,weakest,Electrolux,ELUX-B.ST,30.64,-60.90,5.66,53.96,0.61,5.04,0.10,-8.24
2026-07-01,weakest,Hexagon,HEXA-B.ST,79.84,-22.29,-7.95,47.56,0.31,2.76,0.11,-9.00
2026-07-01,weakest,Ericsson,ERIC-B.ST,106.95,-10.68,-12.84,40.13,0.23,2.75,0.12,-16.74
2026-07-02,momentum,ABB,ABB.ST,1027.00,27.39,0.79,62.59,0.65,2.64,0.30,-2.98
2026-07-02,momentum,Atlas Copco,ATCO-A.ST,193.40,9.55,6.26,65.05,0.69,2.58,0.17,-1.85
2026-07-02,momentum,Swedbank,SWED-A.ST,361.30,3.54,8.01,71.54,0.80,1.56,0.13,-0.61
2026-07-02,momentum,SKF,SKF-B.ST,259.40,8.45,4.43,73.79,1.15,2.57,0.72,-1.52
2026-07-02,momentum,SEB,SEB-A.ST,194.45,3.37,6.66,73.39,0.77,1.41,0.12,-0.79
2026-07-02,squeeze,Saab,SAAB-B.ST,537.90,-21.57,2.48,49.83,0.91,3.66,0.29,-0.83
2026-07-02,bounce,SSAB,SSAB-A.ST,89.28,13.67,-6.69,29.61,0.12,3.38,0.36,-13.57
2026-07-02,bounce,Autoliv,ALIV-SDB.ST,1113.00,3.79,-9.29,34.51,0.12,2.70,0.12,-9.88
2026-07-02,bounce,Evolution,EVO.ST,676.60,7.38,-3.76,33.94,0.29,2.74,0.15,-8.25
2026-07-02,weakest,Electrolux,ELUX-B.ST,28.22,-61.46,0.43,42.52,0.25,5.33,0.13,-15.48
2026-07-02,weakest,Ericsson,ERIC-B.ST,106.40,-11.10,-16.45,34.42,0.22,2.71,0.11,-14.50
2026-07-02,weakest,Hexagon,HEXA-B.ST,80.60,-20.18,-7.04,59.15,0.40,2.70,0.09,-8.14
2026-07-03,momentum,ABB,ABB.ST,1032.50,27.31,1.57,64.18,0.68,2.69,0.13,-2.46
2026-07-03,momentum,Atlas Copco,ATCO-A.ST,195.45,9.78,7.15,62.47,0.75,2.44,0.12,-0.81
2026-07-03,momentum,Swedbank,SWED-A.ST,362.30,3.59,8.83,66.14,0.79,1.51,0.13,-0.69
2026-07-03,momentum,SEB,SEB-A.ST,196.25,3.88,8.46,68.99,0.84,1.32,0.10,-0.53
2026-07-03,momentum,Handelsbanken,SHB-A.ST,143.00,6.19,6.88,72.46,0.79,1.13,0.12,-0.52
2026-07-03,bounce,Autoliv,ALIV-SDB.ST,1132.00,4.67,-7.36,34.00,0.28,2.61,0.08,-8.34
2026-07-03,bounce,Evolution,EVO.ST,674.40,5.22,-3.24,30.11,0.28,2.81,0.20,-8.54
2026-07-03,bounce,SSAB,SSAB-A.ST,92.62,15.72,-4.97,31.38,0.35,3.28,0.24,-10.34
2026-07-03,weakest,Electrolux,ELUX-B.ST,28.49,-61.34,-7.05,45.33,0.31,5.08,0.08,-14.68
2026-07-03,weakest,SCA,SCA-B.ST,98.76,-19.25,-3.22,44.01,0.22,1.94,0.18,-4.81
2026-07-03,weakest,Hexagon,HEXA-B.ST,82.12,-18.82,-3.37,63.59,0.63,2.65,0.08,-6.41
2026-07-06,momentum,ABB,ABB.ST,1049.00,28.69,3.20,66.50,0.80,2.70,0.52,-0.90
2026-07-06,momentum,Atlas Copco,ATCO-A.ST,197.40,10.15,8.22,64.29,0.82,2.46,0.67,-0.25
2026-07-06,momentum,Swedbank,SWED-A.ST,366.20,3.99,10.00,69.76,0.88,1.53,0.70,-0.14
2026-07-06,momentum,SEB,SEB-A.ST,197.20,3.61,8.98,70.44,0.88,1.33,0.62,-0.33
2026-07-06,momentum,Handelsbanken,SHB-A.ST,143.65,5.90,7.36,74.09,0.83,1.15,0.94,-0.28
2026-07-06,bounce,Evolution,EVO.ST,662.20,2.31,-4.99,27.53,0.15,2.97,0.78,-10.20
2026-07-06,bounce,Ericsson,ERIC-B.ST,106.45,-10.70,-16.18,23.50,0.22,2.65,0.46,-14.33
2026-07-06,weakest,Electrolux,ELUX-B.ST,28.20,-62.66,-7.99,44.00,0.27,5.17,0.71,-15.54
2026-07-06,weakest,SCA,SCA-B.ST,98.92,-19.93,-3.07,44.83,0.24,1.94,1.28,-4.66
2026-07-06,weakest,Hexagon,HEXA-B.ST,82.76,-18.93,-2.61,65.51,0.72,2.68,0.50,-5.68
2026-07-07,momentum,ABB,ABB.ST,1049.00,31.91,3.20,66.50,0.80,2.70,0.52,-0.90
2026-07-07,momentum,Atlas Copco,ATCO-A.ST,197.40,13.37,8.22,64.29,0.82,2.46,0.67,-0.25
2026-07-07,momentum,Swedbank,SWED-A.ST,366.20,7.21,10.00,69.76,0.88,1.53,0.70,-0.14
2026-07-07,momentum,SEB,SEB-A.ST,197.20,6.83,8.98,70.44,0.88,1.33,0.62,-0.33
2026-07-07,momentum,Handelsbanken,SHB-A.ST,143.65,9.12,7.36,74.09,0.83,1.15,0.94,-0.28
2026-07-07,bounce,Evolution,EVO.ST,662.20,5.54,-4.99,27.53,0.15,2.97,0.78,-10.20
2026-07-07,bounce,Ericsson,ERIC-B.ST,106.45,-7.48,-16.18,23.50,0.22,2.65,0.46,-14.33
2026-07-07,weakest,Electrolux,ELUX-B.ST,28.20,-59.43,-7.99,44.00,0.27,5.17,0.71,-15.54
2026-07-07,weakest,SCA,SCA-B.ST,98.92,-16.70,-3.07,44.83,0.24,1.94,1.28,-4.66
2026-07-07,weakest,Hexagon,HEXA-B.ST,82.76,-15.71,-2.61,65.51,0.72,2.68,0.50,-5.68
2026-07-07,momentum,ABB,ABB.ST,1049.00,31.91,3.20,66.50,0.80,2.70,0.52,-0.90
2026-07-07,momentum,Atlas Copco,ATCO-A.ST,197.40,13.37,8.22,64.29,0.82,2.46,0.67,-0.25
2026-07-07,momentum,Swedbank,SWED-A.ST,366.20,7.21,10.00,69.76,0.88,1.53,0.70,-0.14
2026-07-07,momentum,SEB,SEB-A.ST,197.20,6.83,8.98,70.44,0.88,1.33,0.62,-0.33
2026-07-07,momentum,Handelsbanken,SHB-A.ST,143.65,9.12,7.36,74.09,0.83,1.15,0.94,-0.28
2026-07-07,bounce,Evolution,EVO.ST,662.20,5.54,-4.99,27.53,0.15,2.97,0.78,-10.20
2026-07-07,bounce,Ericsson,ERIC-B.ST,106.45,-7.48,-16.18,23.50,0.22,2.65,0.46,-14.33
2026-07-07,weakest,Electrolux,ELUX-B.ST,28.20,-59.43,-7.99,44.00,0.27,5.17,0.71,-15.54
2026-07-07,weakest,SCA,SCA-B.ST,98.92,-16.70,-3.07,44.83,0.24,1.94,1.28,-4.66
2026-07-07,weakest,Hexagon,HEXA-B.ST,82.76,-15.71,-2.61,65.51,0.72,2.68,0.50,-5.68
2026-07-07,momentum,ABB,ABB.ST,1013.50,20.84,0.70,56.89,0.53,2.88,0.15,-4.25
2026-07-07,momentum,Swedbank,SWED-A.ST,368.20,4.86,10.04,74.24,0.89,1.36,0.07,-0.08
2026-07-07,momentum,SEB,SEB-A.ST,199.65,3.43,9.82,68.25,0.95,1.25,0.03,-0.10
2026-07-07,momentum,SKF,SKF-B.ST,264.50,6.06,7.35,70.39,1.03,2.28,0.04,-1.49
2026-07-07,momentum,Nordea,NDA-SE.ST,188.40,4.67,6.98,68.13,0.96,1.44,0.04,-0.16
2026-07-07,bounce,Evolution,EVO.ST,672.20,2.33,-5.22,34.21,0.29,2.81,0.06,-8.84
2026-07-07,bounce,Boliden,BOL.ST,527.00,-6.36,-7.51,31.92,0.33,3.48,0.08,-9.91
2026-07-07,weakest,Electrolux,ELUX-B.ST,27.55,-63.44,-13.66,41.96,0.17,5.12,0.03,-16.59
2026-07-07,weakest,Hexagon,HEXA-B.ST,82.98,-18.52,-4.97,63.14,0.81,2.58,0.03,-2.08
2026-07-07,weakest,SCA,SCA-B.ST,98.88,-18.55,-3.11,37.55,0.26,1.82,0.07,-4.69
2026-07-08,momentum,ABB,ABB.ST,1040.00,25.04,3.33,62.82,0.71,2.76,1.02,-1.75
2026-07-08,momentum,Swedbank,SWED-A.ST,367.40,5.42,9.80,73.79,0.87,1.37,0.51,-0.05
2026-07-08,momentum,Atlas Copco,ATCO-A.ST,194.75,7.29,7.51,58.10,0.70,2.34,0.56,-1.59
2026-07-08,momentum,SEB,SEB-A.ST,198.90,3.81,9.41,66.94,0.92,1.22,0.59,0.00
2026-07-08,momentum,SKF,SKF-B.ST,264.10,6.69,7.18,69.79,1.02,2.27,0.77,-1.64
2026-07-08,bounce,Evolution,EVO.ST,659.40,1.02,-7.02,28.70,0.16,2.89,0.78,-10.58
2026-07-08,bounce,Boliden,BOL.ST,532.20,-4.54,-6.60,34.54,0.39,3.51,0.66,-9.03
2026-07-08,weakest,Electrolux,ELUX-B.ST,27.54,-62.65,-13.69,41.92,0.17,5.18,0.95,-16.62
2026-07-08,weakest,Hexagon,HEXA-B.ST,81.58,-19.24,-6.57,56.42,0.59,2.75,0.50,-3.73
2026-07-08,weakest,SCA,SCA-B.ST,97.84,-18.69,-4.13,33.92,0.10,1.91,1.05,-5.70
2026-07-08,momentum,ABB,ABB.ST,1040.00,25.04,3.33,62.82,0.71,2.76,1.02,-1.75
2026-07-08,momentum,Swedbank,SWED-A.ST,367.40,5.42,9.80,73.79,0.87,1.37,0.51,-0.05
2026-07-08,momentum,Atlas Copco,ATCO-A.ST,194.75,7.29,7.51,58.10,0.70,2.34,0.56,-1.59
2026-07-08,momentum,SEB,SEB-A.ST,198.90,3.81,9.41,66.94,0.92,1.22,0.59,0.00
2026-07-08,momentum,SKF,SKF-B.ST,264.10,6.69,7.18,69.79,1.02,2.27,0.77,-1.64
2026-07-08,bounce,Evolution,EVO.ST,659.40,1.02,-7.02,28.70,0.16,2.89,0.78,-10.58
2026-07-08,bounce,Boliden,BOL.ST,532.20,-4.54,-6.60,34.54,0.39,3.51,0.66,-9.03
2026-07-08,weakest,Electrolux,ELUX-B.ST,27.54,-62.65,-13.69,41.92,0.17,5.18,0.95,-16.62
2026-07-08,weakest,Hexagon,HEXA-B.ST,81.58,-19.24,-6.57,56.42,0.59,2.75,0.50,-3.73
2026-07-08,weakest,SCA,SCA-B.ST,97.84,-18.69,-4.13,33.92,0.10,1.91,1.05,-5.70
2026-07-08,momentum,ABB,ABB.ST,989.20,22.21,0.18,49.72,0.33,3.07,0.12,-6.55
2026-07-08,momentum,Swedbank,SWED-A.ST,365.10,7.29,8.63,68.72,0.79,1.37,0.10,-0.76
2026-07-08,momentum,Essity,ESSITY-B.ST,278.30,7.13,8.37,71.79,0.80,1.69,0.06,-1.07
2026-07-08,momentum,SEB,SEB-A.ST,198.80,6.50,7.34,66.48,0.88,1.23,0.13,-1.00
2026-07-08,momentum,Handelsbanken,SHB-A.ST,142.20,5.50,5.65,60.44,0.66,1.18,0.25,-1.76
2026-07-08,bounce,Evolution,EVO.ST,666.20,3.67,-4.50,33.33,0.26,2.83,0.14,-9.66
2026-07-08,weakest,Electrolux,ELUX-B.ST,25.55,-64.38,-22.48,39.22,-0.15,5.62,0.48,-22.41
2026-07-08,weakest,Ericsson,ERIC-B.ST,104.60,-9.52,-13.55,31.80,0.10,2.19,0.10,-12.17
2026-07-08,weakest,NIBE,NIBE-B.ST,34.63,-16.02,-6.38,41.45,-0.05,2.82,0.28,-7.43
2026-07-09,momentum,ABB,ABB.ST,1012.50,20.86,5.87,45.31,0.45,2.88,0.30,-4.35
2026-07-09,momentum,Swedbank,SWED-A.ST,367.20,10.79,9.91,62.61,0.82,1.29,0.13,-0.92
2026-07-09,momentum,SEB,SEB-A.ST,200.90,8.34,10.14,63.89,0.94,1.25,0.10,-0.35
2026-07-09,momentum,Handelsbanken,SHB-A.ST,143.05,10.04,6.79,56.71,0.69,1.18,0.19,-2.09
2026-07-09,momentum,Nordea,NDA-SE.ST,185.85,6.86,6.75,59.77,0.74,1.44,0.15,-2.08
2026-07-09,bounce,Epiroc,EPI-A.ST,253.90,-0.66,-2.27,31.12,0.14,2.82,0.05,-8.67
2026-07-09,weakest,Electrolux,ELUX-B.ST,25.41,-62.29,-18.51,35.03,-0.02,5.46,0.39,-18.84
2026-07-09,weakest,Tele2,TEL2-B.ST,165.20,-18.40,-6.46,34.18,0.23,1.93,0.06,-11.68
2026-07-09,weakest,NIBE,NIBE-B.ST,34.06,-16.36,-6.12,42.97,-0.05,2.79,0.12,-8.95
2026-07-10,momentum,ABB,ABB.ST,1005.50,17.25,6.67,40.33,0.36,2.82,0.15,-5.01
2026-07-10,momentum,SEB,SEB-A.ST,199.35,8.20,8.64,57.83,0.83,1.27,0.07,-1.21
2026-07-10,momentum,Swedbank,SWED-A.ST,364.60,9.03,8.06,54.39,0.72,1.29,0.10,-1.62
2026-07-10,momentum,SKF,SKF-B.ST,257.10,6.79,8.94,56.34,0.72,2.41,0.16,-4.25
2026-07-10,momentum,SSAB,SSAB-A.ST,96.32,18.76,0.67,50.87,0.64,2.96,0.31,-6.76
2026-07-10,weakest,Electrolux,ELUX-B.ST,24.74,-63.48,-17.20,34.94,-0.02,5.59,0.39,-20.98
2026-07-10,weakest,Tele2,TEL2-B.ST,166.95,-17.77,-7.48,35.94,0.31,1.89,0.05,-10.75
2026-07-10,weakest,NIBE,NIBE-B.ST,34.95,-14.36,-1.96,46.81,0.26,2.82,0.16,-6.58
2026-07-13,momentum,Getinge,GETI-B.ST,208.10,6.68,10.93,71.31,0.88,1.98,0.10,-0.67
2026-07-13,momentum,SEB,SEB-A.ST,200.40,8.68,8.97,68.40,0.85,1.21,0.12,-0.69
2026-07-13,momentum,SKF,SKF-B.ST,258.80,6.55,9.34,59.08,0.75,2.40,0.07,-3.61
2026-07-13,momentum,ABB,ABB.ST,998.20,16.56,2.91,43.39,0.25,2.74,0.19,-5.70
2026-07-13,momentum,Essity,ESSITY-B.ST,278.70,10.37,6.29,60.95,0.74,1.61,0.07,-1.73
2026-07-13,squeeze,Handelsbanken,SHB-A.ST,142.95,9.25,5.85,55.31,0.63,1.21,0.14,-2.16
2026-07-13,weakest,Electrolux,ELUX-B.ST,24.52,-62.70,-18.27,37.08,0.03,5.45,0.09,-21.69
2026-07-13,weakest,Tele2,TEL2-B.ST,170.60,-15.20,-6.78,41.79,0.49,1.85,0.09,-8.23
2026-07-13,weakest,AstraZeneca,AZN.ST,1648.50,-14.92,-4.57,41.54,0.12,3.94,0.57,-13.03
2026-07-14,momentum,Getinge,GETI-B.ST,208.80,7.61,11.30,71.86,0.91,1.93,0.02,-0.33
2026-07-14,momentum,SSAB,SSAB-A.ST,99.40,22.68,1.30,58.73,0.87,2.94,0.07,-3.78
2026-07-14,momentum,ABB,ABB.ST,996.00,16.87,2.68,42.99,0.23,2.75,0.13,-5.90
2026-07-14,momentum,SKF,SKF-B.ST,257.40,6.53,8.75,57.76,0.70,2.41,0.06,-4.13
2026-07-14,momentum,SEB,SEB-A.ST,198.25,8.06,7.80,61.83,0.72,1.29,0.05,-1.76
2026-07-14,weakest,Electrolux,ELUX-B.ST,24.55,-62.09,-18.17,37.19,0.03,5.47,0.16,-21.59
2026-07-14,weakest,AstraZeneca,AZN.ST,1613.00,-16.23,-6.63,39.11,0.03,4.13,0.39,-14.90
2026-07-14,weakest,Tele2,TEL2-B.ST,171.55,-14.16,-6.26,43.61,0.53,1.87,0.04,-7.72
2026-07-15,momentum,ABB,ABB.ST,1016.00,19.22,5.31,44.27,0.42,2.74,0.11,-4.02
2026-07-15,momentum,SSAB,SSAB-A.ST,101.20,25.24,0.30,69.20,1.01,2.85,0.09,-1.22
2026-07-15,momentum,SEB,SEB-A.ST,214.10,15.29,13.34,87.13,1.32,1.58,0.28,-0.51
2026-07-15,momentum,SKF,SKF-B.ST,258.20,6.83,8.53,57.95,0.70,2.45,0.03,-3.84
2026-07-15,momentum,Essity,ESSITY-B.ST,276.40,11.07,4.26,50.68,0.59,1.59,0.12,-2.54
2026-07-15,squeeze,Autoliv,ALIV-SDB.ST,1166.00,14.67,-3.80,53.21,0.83,2.19,0.04,-1.93
2026-07-15,squeeze,Swedbank,SWED-A.ST,367.70,8.16,5.69,65.61,0.81,1.35,0.15,-0.78
2026-07-15,weakest,Ericsson,ERIC-B.ST,97.66,-13.48,-16.24,33.63,-0.28,3.85,0.24,-15.92
2026-07-15,weakest,Tele2,TEL2-B.ST,170.35,-14.23,-8.88,43.61,0.50,1.84,0.04,-6.14
2026-07-15,weakest,AstraZeneca,AZN.ST,1594.00,-15.98,-5.90,34.01,0.00,4.11,0.45,-15.91
2026-07-16,momentum,SSAB,SSAB-A.ST,100.70,24.15,-0.20,66.73,0.98,2.78,0.07,-0.64
2026-07-16,momentum,Swedbank,SWED-A.ST,366.10,8.27,5.87,61.16,0.74,1.37,0.09,-1.21
2026-07-16,momentum,SEB,SEB-A.ST,213.30,14.69,10.66,86.76,1.25,1.58,0.09,-0.61
2026-07-16,momentum,SKF,SKF-B.ST,259.50,6.81,5.70,56.10,0.72,2.43,0.09,-3.35
2026-07-16,momentum,Getinge,GETI-B.ST,207.30,5.47,5.50,60.69,0.77,1.95,0.04,-1.89
2026-07-16,squeeze,Autoliv,ALIV-SDB.ST,1173.00,15.00,-1.84,50.49,0.90,2.18,0.05,-1.01
2026-07-16,squeeze,Swedbank,SWED-A.ST,366.10,8.27,5.87,61.16,0.74,1.37,0.09,-1.21
2026-07-16,bounce,ABB,ABB.ST,958.00,12.60,-1.72,36.27,-0.17,3.28,0.92,-9.49
2026-07-16,bounce,Handelsbanken,SHB-A.ST,138.45,4.54,-0.07,43.41,-0.08,1.64,0.28,-5.24
2026-07-16,weakest,Ericsson,ERIC-B.ST,97.66,-11.53,-14.74,34.27,-0.13,3.58,0.11,-13.50
2026-07-16,weakest,Tele2,TEL2-B.ST,160.90,-17.41,-10.83,32.18,0.05,2.34,0.37,-9.12
2026-07-16,weakest,Boliden,BOL.ST,516.00,-6.43,-9.70,41.17,0.25,3.36,0.05,-11.79
2026-07-17,momentum,Autoliv,ALIV-SDB.ST,1194.00,17.78,3.20,58.11,1.00,2.21,0.08,-1.24
2026-07-17,momentum,Getinge,GETI-B.ST,227.20,12.42,16.51,78.05,1.29,2.58,0.63,-2.15
2026-07-17,momentum,Essity,ESSITY-B.ST,281.70,12.16,6.42,54.83,0.86,1.64,0.40,-0.67
2026-07-17,momentum,SSAB,SSAB-A.ST,98.84,20.73,-1.21,69.40,0.84,2.80,0.12,-2.76
2026-07-17,momentum,SEB,SEB-A.ST,216.50,15.08,12.29,87.74,1.19,1.68,0.12,-0.09
2026-07-17,squeeze,Autoliv,ALIV-SDB.ST,1194.00,17.78,3.20,58.11,1.00,2.21,0.08,-1.24
2026-07-17,squeeze,Essity,ESSITY-B.ST,281.70,12.16,6.42,54.83,0.86,1.64,0.40,-0.67
2026-07-17,bounce,ABB,ABB.ST,932.40,8.54,-5.89,36.57,-0.26,3.43,0.63,-11.91
2026-07-17,weakest,Ericsson,ERIC-B.ST,96.26,-12.46,-12.29,34.67,-0.07,3.76,0.11,-14.74
2026-07-17,weakest,Tele2,TEL2-B.ST,161.85,-16.89,-8.48,30.03,0.09,2.27,0.17,-8.59
2026-07-17,weakest,Boliden,BOL.ST,504.20,-9.54,-12.53,39.22,0.10,3.49,0.07,-13.72
2026-07-20,momentum,Getinge,GETI-B.ST,230.60,14.10,18.93,77.31,1.13,2.63,0.11,-2.29
2026-07-20,momentum,Essity,ESSITY-B.ST,280.50,11.96,4.86,56.33,0.78,2.05,0.11,-1.75
2026-07-20,momentum,Nordea,NDA-SE.ST,187.70,9.78,3.90,61.28,0.74,1.62,0.07,-1.11
2026-07-20,momentum,SEB,SEB-A.ST,214.60,17.22,10.31,84.78,0.95,1.72,0.06,-1.11
2026-07-20,momentum,Volvo,VOLV-B.ST,342.50,5.33,6.50,65.48,0.82,2.10,0.18,-2.31
2026-07-20,squeeze,Investor,INVE-B.ST,397.85,4.18,1.71,44.66,0.57,1.55,0.17,-2.40
2026-07-20,squeeze,Atlas Copco,ATCO-A.ST,195.75,3.79,-0.05,49.50,0.78,2.74,0.06,-2.12
2026-07-20,squeeze,Essity,ESSITY-B.ST,280.50,11.96,4.86,56.33,0.78,2.05,0.11,-1.75
2026-07-20,squeeze,Evolution,EVO.ST,709.00,9.61,2.37,66.37,1.01,2.92,0.33,-0.98
2026-07-20,bounce,ABB,ABB.ST,954.00,9.41,-8.05,32.70,0.08,3.44,0.17,-9.87
2026-07-20,weakest,Ericsson,ERIC-B.ST,95.24,-8.89,-13.38,30.68,0.05,3.75,0.12,-15.64
2026-07-20,weakest,Tele2,TEL2-B.ST,159.45,-13.93,-8.34,35.71,0.08,2.21,0.09,-9.89
2026-07-20,weakest,Hexagon,HEXA-B.ST,79.86,-21.12,-2.08,49.14,0.30,2.59,0.06,-4.34
2026-07-21,momentum,SSAB,SSAB-A.ST,97.94,16.20,3.66,72.32,0.72,2.82,0.15,-3.65
2026-07-21,momentum,Getinge,GETI-B.ST,231.10,13.96,19.19,77.97,1.14,2.59,0.04,-2.08
2026-07-21,momentum,Nordea,NDA-SE.ST,190.75,11.17,5.59,67.15,0.96,1.64,0.11,-0.03
2026-07-21,momentum,Essity,ESSITY-B.ST,280.10,11.42,4.71,55.87,0.75,2.06,0.09,-1.89
2026-07-21,momentum,Saab,SAAB-B.ST,582.30,-1.61,15.67,65.97,0.81,4.66,0.22,-7.57
2026-07-21,squeeze,Investor,INVE-B.ST,398.20,3.89,1.80,45.10,0.59,1.50,0.11,-2.32
2026-07-21,squeeze,Swedbank,SWED-A.ST,367.80,11.87,3.43,54.82,0.75,1.93,0.10,-1.76
2026-07-21,squeeze,Essity,ESSITY-B.ST,280.10,11.42,4.71,55.87,0.75,2.06,0.09,-1.89
2026-07-21,bounce,ABB,ABB.ST,955.80,9.23,-7.87,33.14,0.09,3.45,0.14,-9.70
2026-07-21,weakest,Tele2,TEL2-B.ST,157.20,-15.52,-9.63,33.38,-0.00,2.34,0.15,-11.16
2026-07-21,weakest,Hexagon,HEXA-B.ST,79.30,-22.05,-2.77,47.20,0.17,2.60,0.05,-5.01
2026-07-21,weakest,AstraZeneca,AZN.ST,1609.50,-13.27,-3.39,31.48,0.13,3.87,0.15,-15.09
2026-07-22,momentum,Getinge,GETI-B.ST,233.90,15.23,21.35,78.12,1.08,2.55,0.03,-0.89
2026-07-22,momentum,Saab,SAAB-B.ST,585.60,-1.85,16.44,64.03,0.81,4.73,0.21,-7.05
2026-07-22,momentum,Nordea,NDA-SE.ST,192.20,11.34,4.03,72.92,1.02,1.64,0.10,-0.16
2026-07-22,momentum,SEB,SEB-A.ST,218.00,18.23,11.45,82.97,0.98,1.90,0.15,-0.14
2026-07-22,momentum,Swedbank,SWED-A.ST,370.70,11.72,2.83,60.85,0.89,1.89,0.11,-0.99
2026-07-22,squeeze,Investor,INVE-B.ST,400.00,3.60,1.59,50.93,0.67,1.54,0.22,-1.88
2026-07-22,squeeze,Swedbank,SWED-A.ST,370.70,11.72,2.83,60.85,0.89,1.89,0.11,-0.99
2026-07-22,squeeze,Atlas Copco,ATCO-A.ST,199.45,4.34,1.86,55.16,0.99,2.81,0.18,-0.28
2026-07-22,weakest,Sandvik,SAND.ST,346.30,-14.36,-14.49,31.45,0.04,3.78,0.13,-16.17
2026-07-22,weakest,Hexagon,HEXA-B.ST,79.16,-23.74,-3.49,42.74,0.16,2.62,0.06,-5.17
2026-07-22,weakest,Boliden,BOL.ST,493.60,-11.93,-13.04,33.50,-0.02,3.68,0.29,-11.19
2026-07-23,momentum,Getinge,GETI-B.ST,229.20,15.43,16.82,69.85,0.86,2.61,0.08,-2.88
2026-07-23,momentum,Saab,SAAB-B.ST,587.10,2.44,19.57,56.36,0.77,4.43,0.23,-6.81
2026-07-23,momentum,Volvo,VOLV-B.ST,350.80,8.85,10.25,66.84,1.03,2.09,0.22,-0.37
2026-07-23,momentum,SEB,SEB-A.ST,216.30,17.64,13.75,77.05,0.85,1.84,0.09,-1.32
2026-07-23,momentum,SSAB,SSAB-A.ST,97.00,12.35,4.73,61.50,0.61,2.94,0.23,-4.57
2026-07-23,squeeze,Swedbank,SWED-A.ST,368.90,11.07,4.50,52.66,0.77,1.76,0.12,-1.47
2026-07-23,squeeze,Investor,INVE-B.ST,400.05,3.08,2.05,43.38,0.65,1.52,0.17,-1.86
2026-07-23,bounce,ABB,ABB.ST,957.80,4.89,-8.26,30.36,0.21,3.14,0.22,-9.51
2026-07-23,weakest,Tele2,TEL2-B.ST,160.90,-16.78,-7.58,41.50,0.26,2.10,0.08,-9.07
2026-07-23,weakest,Hexagon,HEXA-B.ST,79.52,-24.11,-1.07,38.49,0.28,2.54,0.10,-4.74
2026-07-23,weakest,Boliden,BOL.ST,486.30,-11.88,-8.31,37.97,0.06,3.80,0.22,-12.09
